geo_id,police_stations,fire_stations,public_schools,parks,commercial_establishments,number_of_police_killings,total_crimes_reported
1400000US17031010100,0.0,0.0,1.0,3.0,24.0,0.0,2897
1400000US17031010201,0.0,0.0,1.0,1.0,30.0,0.0,2106
1400000US17031010202,0.0,1.0,1.0,2.0,58.0,0.0,2199
1400000US17031010300,0.0,0.0,0.0,1.0,71.0,0.0,1896
1400000US17031010400,0.0,0.0,0.0,3.0,41.0,0.0,1374
1400000US17031010501,0.0,0.0,0.0,1.0,22.0,0.0,887
1400000US17031010502,0.0,0.0,0.0,1.0,29.0,0.0,588
1400000US17031010503,0.0,0.0,0.0,0.0,42.0,0.0,754
1400000US17031010600,0.0,0.0,2.0,0.0,69.0,0.0,1833
1400000US17031010701,0.0,0.0,0.0,2.0,4.0,0.0,695
1400000US17031010702,0.0,0.0,1.0,0.0,115.0,0.0,1329
1400000US17031020100,0.0,0.0,1.0,0.0,40.0,0.0,1110
1400000US17031020200,0.0,0.0,1.0,1.0,87.0,0.0,1186
1400000US17031020301,0.0,0.0,2.0,2.0,15.0,0.0,524
1400000US17031020302,0.0,0.0,0.0,1.0,36.0,0.0,991
1400000US17031020400,0.0,0.0,1.0,1.0,28.0,0.0,1057
1400000US17031020500,0.0,0.0,0.0,1.0,77.0,0.0,1464
1400000US17031020601,0.0,0.0,1.0,0.0,69.0,0.0,1200
1400000US17031020602,0.0,0.0,0.0,0.0,74.0,0.0,959
1400000US17031020701,0.0,0.0,2.0,2.0,62.0,0.0,798
1400000US17031020702,0.0,0.0,0.0,0.0,69.0,0.0,1454
1400000US17031020801,0.0,0.0,0.0,0.0,97.0,1.0,1120
1400000US17031020802,0.0,1.0,1.0,1.0,168.0,0.0,1948
1400000US17031020901,0.0,0.0,1.0,1.0,58.0,0.0,1518
1400000US17031020902,0.0,0.0,0.0,1.0,38.0,0.0,1080
1400000US17031030101,0.0,0.0,0.0,0.0,37.0,0.0,783
1400000US17031030102,0.0,0.0,0.0,0.0,41.0,0.0,736
1400000US17031030103,0.0,0.0,0.0,1.0,24.0,0.0,265
1400000US17031030104,0.0,0.0,0.0,0.0,6.0,0.0,285
1400000US17031030200,0.0,0.0,1.0,1.0,94.0,0.0,1397
1400000US17031030300,0.0,1.0,0.0,0.0,52.0,0.0,486
1400000US17031030400,0.0,0.0,0.0,0.0,53.0,0.0,542
1400000US17031030500,0.0,0.0,1.0,1.0,63.0,0.0,1473
1400000US17031030601,0.0,0.0,1.0,2.0,6.0,0.0,656
1400000US17031030603,0.0,0.0,0.0,0.0,19.0,0.0,758
1400000US17031030604,0.0,0.0,0.0,0.0,17.0,0.0,452
1400000US17031030701,0.0,0.0,0.0,0.0,42.0,0.0,338
1400000US17031030702,0.0,0.0,0.0,0.0,7.0,0.0,179
1400000US17031030703,0.0,0.0,0.0,1.0,31.0,0.0,819
1400000US17031030706,0.0,0.0,0.0,0.0,33.0,0.0,960
1400000US17031030800,0.0,0.0,1.0,2.0,139.0,0.0,1640
1400000US17031030900,0.0,0.0,1.0,2.0,102.0,0.0,536
1400000US17031031000,0.0,0.0,0.0,0.0,92.0,0.0,800
1400000US17031031100,0.0,0.0,0.0,1.0,86.0,0.0,1018
1400000US17031031200,0.0,0.0,1.0,1.0,132.0,0.0,2277
1400000US17031031300,0.0,0.0,1.0,1.0,22.0,0.0,1038
1400000US17031031400,0.0,0.0,2.0,1.0,45.0,0.0,1793
1400000US17031031501,0.0,0.0,1.0,0.0,20.0,0.0,1029
1400000US17031031502,0.0,0.0,0.0,0.0,45.0,0.0,674
1400000US17031031700,0.0,1.0,1.0,2.0,77.0,0.0,1886
1400000US17031031800,0.0,0.0,0.0,1.0,34.0,0.0,441
1400000US17031031900,0.0,0.0,0.0,0.0,58.0,0.0,462
1400000US17031032100,0.0,0.0,0.0,0.0,71.0,0.0,2213
1400000US17031040100,0.0,1.0,0.0,0.0,60.0,0.0,1122
1400000US17031040201,0.0,0.0,1.0,1.0,104.0,0.0,1345
1400000US17031040202,1.0,0.0,0.0,0.0,78.0,0.0,1729
1400000US17031040300,0.0,0.0,0.0,0.0,17.0,0.0,741
1400000US17031040401,0.0,0.0,0.0,0.0,44.0,0.0,696
1400000US17031040402,0.0,0.0,2.0,2.0,61.0,0.0,915
1400000US17031040600,0.0,0.0,0.0,0.0,115.0,0.0,710
1400000US17031040700,0.0,0.0,0.0,1.0,78.0,0.0,706
1400000US17031040800,0.0,0.0,1.0,0.0,12.0,0.0,316
1400000US17031040900,0.0,0.0,0.0,1.0,57.0,0.0,556
1400000US17031050100,0.0,0.0,0.0,0.0,63.0,0.0,338
1400000US17031050200,0.0,0.0,1.0,0.0,146.0,0.0,1011
1400000US17031050300,0.0,0.0,0.0,0.0,57.0,0.0,338
1400000US17031050500,0.0,0.0,1.0,0.0,72.0,0.0,878
1400000US17031050600,0.0,1.0,0.0,1.0,100.0,0.0,488
1400000US17031050700,0.0,0.0,0.0,0.0,17.0,0.0,242
1400000US17031050800,0.0,0.0,1.0,0.0,43.0,0.0,205
1400000US17031050900,0.0,0.0,0.0,0.0,21.0,0.0,322
1400000US17031051000,0.0,0.0,0.0,0.0,34.0,0.0,282
1400000US17031051100,0.0,0.0,0.0,1.0,54.0,0.0,281
1400000US17031051200,0.0,0.0,0.0,0.0,14.0,0.0,271
1400000US17031051300,0.0,0.0,1.0,0.0,23.0,0.0,384
1400000US17031051400,0.0,0.0,1.0,2.0,31.0,0.0,505
1400000US17031060100,0.0,0.0,1.0,0.0,23.0,0.0,577
1400000US17031060200,0.0,0.0,1.0,1.0,76.0,0.0,468
1400000US17031060300,0.0,0.0,0.0,1.0,59.0,1.0,431
1400000US17031060400,0.0,0.0,1.0,1.0,69.0,0.0,682
1400000US17031060500,0.0,0.0,0.0,1.0,26.0,0.0,251
1400000US17031060800,0.0,0.0,0.0,0.0,29.0,0.0,479
1400000US17031060900,0.0,0.0,0.0,0.0,83.0,0.0,1895
1400000US17031061000,1.0,0.0,1.0,0.0,50.0,0.0,767
1400000US17031061100,0.0,1.0,0.0,0.0,119.0,0.0,1235
1400000US17031061200,0.0,0.0,0.0,0.0,41.0,0.0,457
1400000US17031061500,0.0,0.0,0.0,1.0,34.0,0.0,354
1400000US17031061800,0.0,0.0,0.0,0.0,17.0,0.0,421
1400000US17031061901,0.0,0.0,0.0,0.0,50.0,0.0,977
1400000US17031061902,0.0,0.0,0.0,0.0,17.0,0.0,404
1400000US17031062000,0.0,0.0,1.0,1.0,72.0,0.0,1482
1400000US17031062100,0.0,0.0,0.0,0.0,133.0,0.0,2007
1400000US17031062200,0.0,0.0,1.0,0.0,61.0,0.0,1031
1400000US17031062300,0.0,0.0,0.0,0.0,31.0,0.0,330
1400000US17031062400,0.0,0.0,0.0,0.0,28.0,0.0,499
1400000US17031062500,0.0,0.0,0.0,0.0,80.0,0.0,351
1400000US17031062600,0.0,0.0,1.0,2.0,52.0,0.0,552
1400000US17031062700,0.0,0.0,0.0,0.0,106.0,0.0,765
1400000US17031062800,0.0,0.0,0.0,1.0,73.0,0.0,615
1400000US17031062900,0.0,0.0,1.0,1.0,70.0,0.0,1123
1400000US17031063000,0.0,0.0,0.0,2.0,118.0,0.0,2325
1400000US17031063100,0.0,0.0,0.0,1.0,84.0,0.0,1374
1400000US17031063200,0.0,0.0,0.0,0.0,58.0,0.0,811
1400000US17031063301,0.0,0.0,0.0,0.0,52.0,0.0,354
1400000US17031063302,0.0,0.0,0.0,0.0,34.0,0.0,348
1400000US17031063303,0.0,0.0,0.0,0.0,9.0,0.0,331
1400000US17031063400,0.0,0.0,0.0,0.0,107.0,0.0,1222
1400000US17031070101,0.0,0.0,0.0,0.0,60.0,0.0,990
1400000US17031070102,0.0,0.0,0.0,0.0,51.0,0.0,575
1400000US17031070103,0.0,0.0,0.0,0.0,41.0,0.0,449
1400000US17031070200,0.0,0.0,1.0,1.0,117.0,0.0,1402
1400000US17031070300,0.0,1.0,0.0,1.0,121.0,0.0,1635
1400000US17031070400,0.0,0.0,0.0,1.0,55.0,0.0,778
1400000US17031070500,0.0,0.0,0.0,1.0,24.0,0.0,479
1400000US17031070600,0.0,0.0,0.0,1.0,51.0,0.0,666
1400000US17031070700,0.0,0.0,1.0,1.0,74.0,0.0,1545
1400000US17031071000,0.0,0.0,1.0,1.0,43.0,0.0,675
1400000US17031071100,0.0,0.0,0.0,0.0,115.0,0.0,980
1400000US17031071200,0.0,0.0,2.0,1.0,96.0,0.0,1452
1400000US17031071300,0.0,0.0,0.0,0.0,49.0,0.0,756
1400000US17031071400,0.0,0.0,0.0,0.0,100.0,0.0,1544
1400000US17031071500,0.0,0.0,1.0,1.0,103.0,1.0,2662
1400000US17031071600,0.0,0.0,0.0,1.0,7.0,0.0,248
1400000US17031071700,0.0,0.0,0.0,0.0,11.0,0.0,477
1400000US17031071800,0.0,1.0,1.0,0.0,56.0,0.0,588
1400000US17031080100,0.0,0.0,0.0,1.0,51.0,0.0,598
1400000US17031080201,0.0,0.0,0.0,0.0,38.0,0.0,635
1400000US17031080202,0.0,0.0,0.0,0.0,58.0,0.0,1393
1400000US17031080300,0.0,0.0,1.0,0.0,196.0,0.0,2071
1400000US17031080400,0.0,1.0,1.0,0.0,47.0,0.0,2172
1400000US17031081000,0.0,0.0,1.0,0.0,107.0,0.0,2476
1400000US17031081100,0.0,0.0,1.0,0.0,125.0,0.0,1909
1400000US17031081201,0.0,0.0,0.0,0.0,340.0,0.0,3404
1400000US17031081202,0.0,0.0,0.0,0.0,56.0,0.0,722
1400000US17031081300,0.0,1.0,0.0,2.0,219.0,0.0,3885
1400000US17031081401,0.0,0.0,0.0,0.0,205.0,0.0,2335
1400000US17031081402,0.0,0.0,0.0,0.0,121.0,0.0,1523
1400000US17031081403,0.0,0.0,0.0,0.0,355.0,0.0,5152
1400000US17031081500,0.0,0.0,0.0,0.0,472.0,0.0,7360
1400000US17031081600,0.0,0.0,0.0,0.0,252.0,0.0,2780
1400000US17031081700,0.0,1.0,0.0,0.0,639.0,0.0,5791
1400000US17031081800,0.0,0.0,0.0,2.0,657.0,0.0,5072
1400000US17031081900,0.0,0.0,0.0,0.0,18.0,0.0,641
1400000US17031090100,0.0,0.0,2.0,0.0,44.0,0.0,336
1400000US17031090200,0.0,0.0,1.0,2.0,100.0,0.0,826
1400000US17031090300,0.0,0.0,0.0,2.0,40.0,0.0,190
1400000US17031100100,0.0,0.0,1.0,2.0,96.0,0.0,902
1400000US17031100200,0.0,0.0,1.0,1.0,120.0,0.0,969
1400000US17031100300,0.0,1.0,3.0,1.0,33.0,0.0,955
1400000US17031100400,0.0,0.0,0.0,0.0,17.0,0.0,402
1400000US17031100500,0.0,1.0,1.0,2.0,41.0,0.0,1044
1400000US17031100600,0.0,0.0,1.0,0.0,88.0,0.0,1003
1400000US17031100700,0.0,0.0,1.0,0.0,20.0,0.0,559
1400000US17031110100,0.0,0.0,0.0,0.0,89.0,0.0,822
1400000US17031110200,0.0,0.0,0.0,1.0,123.0,0.0,672
1400000US17031110300,0.0,0.0,0.0,1.0,56.0,0.0,734
1400000US17031110400,1.0,0.0,0.0,0.0,40.0,1.0,894
1400000US17031110501,0.0,0.0,1.0,0.0,44.0,0.0,901
1400000US17031110502,0.0,0.0,1.0,2.0,89.0,0.0,1264
1400000US17031120100,0.0,1.0,1.0,1.0,29.0,0.0,343
1400000US17031120200,0.0,0.0,1.0,3.0,101.0,0.0,597
1400000US17031120300,0.0,0.0,1.0,1.0,83.0,0.0,769
1400000US17031120400,0.0,0.0,0.0,2.0,75.0,0.0,697
1400000US17031130100,0.0,1.0,3.0,3.0,86.0,0.0,1302
1400000US17031130200,0.0,0.0,0.0,2.0,50.0,0.0,512
1400000US17031130300,0.0,0.0,0.0,1.0,49.0,0.0,1059
1400000US17031140100,0.0,0.0,0.0,2.0,26.0,0.0,807
1400000US17031140200,0.0,0.0,3.0,0.0,56.0,0.0,1419
1400000US17031140301,0.0,0.0,0.0,0.0,74.0,0.0,571
1400000US17031140302,0.0,0.0,1.0,1.0,11.0,0.0,934
1400000US17031140400,0.0,0.0,1.0,1.0,170.0,0.0,1322
1400000US17031140500,1.0,0.0,0.0,1.0,75.0,0.0,944
1400000US17031140601,0.0,0.0,0.0,0.0,68.0,0.0,614
1400000US17031140602,0.0,0.0,2.0,1.0,48.0,0.0,1380
1400000US17031140701,0.0,0.0,0.0,0.0,82.0,0.0,965
1400000US17031140702,0.0,1.0,1.0,0.0,95.0,1.0,1671
1400000US17031140800,0.0,0.0,1.0,1.0,122.0,0.0,1156
1400000US17031150200,0.0,1.0,0.0,2.0,193.0,0.0,1994
1400000US17031150300,0.0,0.0,2.0,2.0,95.0,1.0,1611
1400000US17031150401,0.0,0.0,1.0,0.0,70.0,0.0,1059
1400000US17031150402,0.0,0.0,1.0,0.0,62.0,0.0,717
1400000US17031150501,0.0,0.0,0.0,1.0,9.0,0.0,503
1400000US17031150502,0.0,0.0,1.0,0.0,36.0,0.0,668
1400000US17031150600,0.0,1.0,0.0,0.0,63.0,0.0,956
1400000US17031150700,0.0,0.0,1.0,0.0,27.0,0.0,989
1400000US17031150800,0.0,0.0,0.0,0.0,58.0,0.0,1332
1400000US17031151001,0.0,0.0,1.0,0.0,15.0,0.0,802
1400000US17031151002,0.0,0.0,0.0,1.0,82.0,0.0,1407
1400000US17031151100,0.0,0.0,0.0,1.0,64.0,0.0,1517
1400000US17031151200,0.0,0.0,1.0,0.0,43.0,0.0,1224
1400000US17031160100,0.0,0.0,0.0,1.0,61.0,0.0,624
1400000US17031160200,0.0,0.0,0.0,1.0,91.0,1.0,949
1400000US17031160300,0.0,1.0,1.0,0.0,48.0,0.0,1018
1400000US17031160400,0.0,0.0,0.0,0.0,110.0,0.0,1268
1400000US17031160501,0.0,0.0,1.0,0.0,53.0,0.0,993
1400000US17031160502,0.0,0.0,0.0,0.0,44.0,0.0,667
1400000US17031160601,0.0,0.0,1.0,0.0,64.0,0.0,643
1400000US17031160602,0.0,0.0,0.0,1.0,63.0,0.0,886
1400000US17031160700,0.0,0.0,1.0,1.0,62.0,0.0,1350
1400000US17031160800,0.0,0.0,2.0,1.0,104.0,0.0,1456
1400000US17031160900,0.0,0.0,1.0,1.0,46.0,0.0,996
1400000US17031161000,0.0,0.0,1.0,0.0,28.0,0.0,782
1400000US17031161100,0.0,0.0,1.0,0.0,33.0,0.0,700
1400000US17031161200,0.0,0.0,1.0,1.0,42.0,0.0,691
1400000US17031161300,0.0,0.0,1.0,0.0,100.0,0.0,1374
1400000US17031170100,0.0,0.0,0.0,0.0,52.0,0.0,629
1400000US17031170200,0.0,0.0,1.0,1.0,40.0,0.0,847
1400000US17031170300,0.0,0.0,1.0,0.0,69.0,0.0,1025
1400000US17031170400,0.0,1.0,0.0,0.0,51.0,0.0,592
1400000US17031170500,0.0,0.0,1.0,0.0,36.0,0.0,718
1400000US17031170600,0.0,0.0,0.0,0.0,4.0,0.0,318
1400000US17031170700,0.0,0.0,0.0,1.0,24.0,0.0,394
1400000US17031170800,0.0,0.0,1.0,0.0,59.0,0.0,715
1400000US17031170900,0.0,0.0,0.0,0.0,14.0,0.0,318
1400000US17031171000,0.0,0.0,0.0,1.0,103.0,0.0,1374
1400000US17031171100,0.0,0.0,2.0,0.0,48.0,0.0,629
1400000US17031180100,0.0,0.0,1.0,1.0,61.0,0.0,1260
1400000US17031190100,0.0,0.0,0.0,0.0,58.0,0.0,719
1400000US17031190200,0.0,1.0,1.0,0.0,69.0,0.0,1409
1400000US17031190300,0.0,0.0,0.0,0.0,107.0,0.0,1739
1400000US17031190401,0.0,0.0,2.0,0.0,41.0,0.0,1052
1400000US17031190402,0.0,0.0,1.0,0.0,88.0,0.0,1308
1400000US17031190601,0.0,0.0,0.0,1.0,29.0,0.0,945
1400000US17031190602,0.0,0.0,0.0,0.0,64.0,0.0,1389
1400000US17031190701,0.0,0.0,1.0,0.0,37.0,0.0,728
1400000US17031190702,0.0,0.0,0.0,1.0,45.0,0.0,1161
1400000US17031190800,0.0,0.0,0.0,0.0,105.0,0.0,1601
1400000US17031190900,0.0,0.0,0.0,0.0,29.0,0.0,1066
1400000US17031191000,0.0,0.0,0.0,0.0,58.0,0.0,837
1400000US17031191100,0.0,0.0,1.0,1.0,113.0,0.0,2083
1400000US17031191200,1.0,1.0,7.0,0.0,32.0,1.0,1833
1400000US17031191301,0.0,0.0,2.0,1.0,47.0,2.0,1346
1400000US17031191302,0.0,0.0,0.0,0.0,108.0,0.0,1649
1400000US17031200100,0.0,0.0,1.0,1.0,58.0,0.0,1016
1400000US17031200200,0.0,0.0,1.0,1.0,89.0,1.0,1568
1400000US17031200300,0.0,0.0,0.0,0.0,54.0,0.0,492
1400000US17031200401,0.0,0.0,0.0,1.0,32.0,0.0,914
1400000US17031200402,0.0,0.0,1.0,0.0,54.0,0.0,1024
1400000US17031210100,0.0,1.0,2.0,3.0,111.0,0.0,1066
1400000US17031210400,0.0,0.0,0.0,0.0,43.0,0.0,673
1400000US17031210501,0.0,0.0,3.0,0.0,55.0,0.0,1277
1400000US17031210502,0.0,1.0,0.0,0.0,48.0,1.0,1106
1400000US17031210601,0.0,0.0,0.0,0.0,17.0,0.0,807
1400000US17031210602,0.0,0.0,1.0,0.0,64.0,0.0,1286
1400000US17031210700,0.0,0.0,0.0,1.0,64.0,0.0,841
1400000US17031210800,0.0,0.0,1.0,1.0,27.0,0.0,321
1400000US17031210900,0.0,0.0,0.0,1.0,79.0,0.0,711
1400000US17031220300,0.0,0.0,1.0,1.0,29.0,0.0,467
1400000US17031220400,0.0,0.0,0.0,0.0,71.0,0.0,964
1400000US17031220500,0.0,0.0,0.0,0.0,104.0,0.0,1199
1400000US17031220601,0.0,0.0,0.0,0.0,33.0,0.0,563
1400000US17031220602,0.0,0.0,0.0,1.0,84.0,0.0,1670
1400000US17031220701,0.0,0.0,0.0,0.0,34.0,0.0,716
1400000US17031220702,0.0,0.0,1.0,1.0,63.0,0.0,1222
1400000US17031220901,0.0,0.0,1.0,1.0,19.0,0.0,902
1400000US17031220902,0.0,0.0,1.0,0.0,49.0,0.0,803
1400000US17031221000,0.0,0.0,0.0,0.0,24.0,0.0,614
1400000US17031221100,0.0,0.0,0.0,1.0,52.0,0.0,1119
1400000US17031221200,0.0,0.0,1.0,0.0,19.0,0.0,698
1400000US17031221300,1.0,0.0,0.0,0.0,90.0,0.0,1255
1400000US17031221400,0.0,1.0,2.0,0.0,83.0,0.0,1719
1400000US17031221500,0.0,0.0,0.0,0.0,49.0,0.0,612
1400000US17031221600,0.0,0.0,1.0,2.0,44.0,0.0,775
1400000US17031222200,0.0,0.0,0.0,1.0,58.0,0.0,696
1400000US17031222500,0.0,0.0,1.0,0.0,27.0,0.0,382
1400000US17031222600,0.0,0.0,0.0,1.0,15.0,0.0,634
1400000US17031222700,0.0,0.0,0.0,0.0,38.0,0.0,563
1400000US17031222800,0.0,0.0,0.0,0.0,5.0,0.0,451
1400000US17031222900,0.0,0.0,1.0,1.0,28.0,0.0,552
1400000US17031230100,0.0,0.0,0.0,0.0,10.0,0.0,537
1400000US17031230200,0.0,0.0,1.0,0.0,27.0,0.0,596
1400000US17031230300,0.0,0.0,0.0,1.0,11.0,0.0,252
1400000US17031230400,0.0,1.0,0.0,1.0,39.0,0.0,904
1400000US17031230500,0.0,0.0,1.0,2.0,67.0,0.0,2285
1400000US17031230600,0.0,0.0,2.0,1.0,107.0,0.0,4175
1400000US17031230700,0.0,0.0,1.0,0.0,77.0,0.0,2948
1400000US17031230800,0.0,0.0,1.0,0.0,18.0,0.0,529
1400000US17031230900,0.0,0.0,1.0,0.0,54.0,0.0,2001
1400000US17031231100,0.0,0.0,0.0,1.0,8.0,0.0,1191
1400000US17031231200,0.0,0.0,0.0,2.0,54.0,1.0,6731
1400000US17031231500,0.0,0.0,2.0,2.0,56.0,1.0,7999
1400000US17031240200,0.0,0.0,1.0,1.0,21.0,1.0,508
1400000US17031240300,0.0,0.0,0.0,0.0,48.0,0.0,672
1400000US17031240500,0.0,0.0,0.0,0.0,53.0,0.0,1783
1400000US17031240600,0.0,0.0,0.0,1.0,29.0,0.0,457
1400000US17031240700,0.0,0.0,1.0,0.0,12.0,0.0,463
1400000US17031240800,0.0,0.0,0.0,0.0,20.0,0.0,386
1400000US17031240900,0.0,0.0,0.0,1.0,17.0,0.0,1573
1400000US17031241000,0.0,0.0,1.0,0.0,23.0,0.0,1187
1400000US17031241100,0.0,1.0,0.0,1.0,70.0,0.0,1557
1400000US17031241200,0.0,0.0,2.0,1.0,28.0,0.0,999
1400000US17031241300,0.0,0.0,0.0,0.0,33.0,0.0,580
1400000US17031241400,0.0,0.0,1.0,1.0,281.0,0.0,4145
1400000US17031241500,0.0,0.0,0.0,1.0,188.0,0.0,1573
1400000US17031241600,0.0,0.0,2.0,1.0,61.0,0.0,1374
1400000US17031242000,0.0,1.0,1.0,0.0,98.0,0.0,1313
1400000US17031242100,0.0,0.0,1.0,0.0,106.0,0.0,1077
1400000US17031242200,0.0,0.0,1.0,2.0,68.0,0.0,933
1400000US17031242300,0.0,0.0,1.0,0.0,76.0,0.0,744
1400000US17031242400,0.0,0.0,1.0,1.0,48.0,0.0,1151
1400000US17031242500,0.0,0.0,3.0,0.0,48.0,0.0,965
1400000US17031242600,0.0,0.0,2.0,0.0,71.0,0.0,1840
1400000US17031242700,0.0,0.0,0.0,0.0,30.0,0.0,692
1400000US17031242800,0.0,0.0,0.0,1.0,56.0,0.0,794
1400000US17031242900,0.0,0.0,1.0,0.0,61.0,0.0,680
1400000US17031243000,0.0,0.0,0.0,1.0,64.0,0.0,984
1400000US17031243100,0.0,0.0,1.0,1.0,98.0,0.0,853
1400000US17031243200,0.0,0.0,0.0,0.0,65.0,0.0,891
1400000US17031243300,0.0,0.0,2.0,0.0,78.0,0.0,1036
1400000US17031243400,0.0,0.0,2.0,0.0,84.0,0.0,1006
1400000US17031243500,0.0,1.0,0.0,0.0,172.0,0.0,1646
1400000US17031250200,0.0,0.0,0.0,1.0,47.0,0.0,1723
1400000US17031250300,0.0,0.0,0.0,0.0,44.0,0.0,2258
1400000US17031250400,0.0,0.0,1.0,2.0,104.0,0.0,2428
1400000US17031250500,0.0,0.0,1.0,0.0,91.0,0.0,1412
1400000US17031250600,0.0,0.0,1.0,0.0,48.0,0.0,2358
1400000US17031250700,0.0,0.0,0.0,0.0,70.0,0.0,3518
1400000US17031250800,0.0,0.0,1.0,1.0,34.0,0.0,2149
1400000US17031251000,0.0,0.0,1.0,0.0,51.0,0.0,1223
1400000US17031251100,0.0,1.0,1.0,0.0,32.0,0.0,3567
1400000US17031251200,0.0,0.0,2.0,1.0,34.0,0.0,3205
1400000US17031251300,0.0,0.0,1.0,0.0,48.0,0.0,2932
1400000US17031251400,0.0,1.0,1.0,3.0,28.0,0.0,2788
1400000US17031251500,0.0,0.0,2.0,1.0,39.0,0.0,4023
1400000US17031251600,0.0,0.0,0.0,2.0,14.0,0.0,3239
1400000US17031251700,0.0,0.0,2.0,1.0,41.0,2.0,2020
1400000US17031251800,0.0,0.0,1.0,1.0,83.0,1.0,6087
1400000US17031251900,0.0,0.0,1.0,0.0,37.0,1.0,5287
1400000US17031252000,0.0,0.0,2.0,0.0,42.0,0.0,3613
1400000US17031252101,1.0,0.0,1.0,1.0,32.0,0.0,2275
1400000US17031252102,0.0,1.0,0.0,0.0,56.0,0.0,5148
1400000US17031252201,0.0,0.0,1.0,1.0,22.0,0.0,3153
1400000US17031252202,0.0,0.0,1.0,1.0,33.0,0.0,7200
1400000US17031260100,0.0,0.0,0.0,0.0,37.0,0.0,1788
1400000US17031260200,0.0,1.0,1.0,1.0,40.0,0.0,2527
1400000US17031260300,0.0,0.0,1.0,1.0,26.0,0.0,2199
1400000US17031260400,0.0,0.0,0.0,0.0,26.0,0.0,1863
1400000US17031260500,0.0,0.0,1.0,0.0,27.0,0.0,3256
1400000US17031260600,0.0,0.0,0.0,0.0,9.0,0.0,2674
1400000US17031260700,0.0,0.0,0.0,0.0,26.0,0.0,4735
1400000US17031260800,0.0,0.0,1.0,0.0,40.0,0.0,4522
1400000US17031260900,0.0,0.0,0.0,1.0,15.0,0.0,1957
1400000US17031261000,0.0,0.0,2.0,1.0,11.0,0.0,2728
1400000US17031270500,0.0,0.0,2.0,1.0,4.0,1.0,3102
1400000US17031271200,0.0,0.0,2.0,1.0,12.0,0.0,1605
1400000US17031271300,0.0,0.0,2.0,2.0,2.0,0.0,2274
1400000US17031271400,0.0,0.0,0.0,0.0,14.0,1.0,1330
1400000US17031271500,0.0,0.0,0.0,0.0,7.0,0.0,1352
1400000US17031271800,0.0,0.0,1.0,0.0,12.0,2.0,1045
1400000US17031280100,0.0,0.0,0.0,1.0,495.0,0.0,2873
1400000US17031280400,0.0,0.0,2.0,0.0,59.0,0.0,1410
1400000US17031280800,0.0,0.0,1.0,2.0,11.0,0.0,1211
1400000US17031280900,0.0,0.0,0.0,0.0,15.0,0.0,857
1400000US17031281900,0.0,1.0,0.0,0.0,303.0,1.0,2998
1400000US17031282700,0.0,0.0,1.0,0.0,28.0,0.0,1481
1400000US17031282800,0.0,0.0,0.0,1.0,32.0,0.0,732
1400000US17031283100,0.0,0.0,1.0,0.0,55.0,0.0,654
1400000US17031283200,0.0,0.0,0.0,1.0,27.0,0.0,744
1400000US17031283800,0.0,1.0,1.0,0.0,13.0,0.0,1042
1400000US17031290900,0.0,0.0,1.0,3.0,27.0,0.0,4504
1400000US17031291200,0.0,0.0,1.0,2.0,10.0,0.0,2714
1400000US17031291600,0.0,0.0,0.0,0.0,5.0,0.0,286
1400000US17031292200,0.0,0.0,1.0,1.0,11.0,0.0,2857
1400000US17031292400,0.0,1.0,2.0,0.0,21.0,1.0,1997
1400000US17031292500,0.0,0.0,1.0,0.0,42.0,2.0,2818
1400000US17031300500,0.0,0.0,0.0,0.0,45.0,0.0,779
1400000US17031300600,0.0,0.0,1.0,1.0,32.0,0.0,1093
1400000US17031300700,0.0,0.0,0.0,1.0,57.0,0.0,1581
1400000US17031300800,0.0,0.0,1.0,0.0,75.0,0.0,1633
1400000US17031300900,0.0,1.0,1.0,0.0,41.0,0.0,1680
1400000US17031301100,0.0,0.0,2.0,0.0,15.0,0.0,1069
1400000US17031301200,0.0,0.0,1.0,1.0,61.0,0.0,1716
1400000US17031301600,0.0,0.0,0.0,1.0,51.0,0.0,1153
1400000US17031301701,0.0,0.0,1.0,0.0,72.0,0.0,1191
1400000US17031301702,0.0,0.0,2.0,0.0,27.0,0.0,777
1400000US17031301801,0.0,0.0,2.0,0.0,37.0,0.0,1009
1400000US17031301802,0.0,0.0,0.0,0.0,86.0,0.0,1675
1400000US17031301803,0.0,1.0,1.0,0.0,25.0,0.0,938
1400000US17031310200,0.0,0.0,1.0,1.0,50.0,0.0,584
1400000US17031310300,0.0,0.0,1.0,1.0,69.0,0.0,521
1400000US17031310400,0.0,0.0,1.0,0.0,24.0,0.0,354
1400000US17031310500,0.0,0.0,0.0,1.0,61.0,0.0,333
1400000US17031310600,0.0,0.0,2.0,1.0,183.0,0.0,1829
1400000US17031310700,0.0,0.0,1.0,0.0,32.0,0.0,605
1400000US17031310800,0.0,0.0,2.0,0.0,96.0,1.0,1169
1400000US17031310900,0.0,1.0,1.0,2.0,64.0,0.0,1334
1400000US17031320100,0.0,1.0,2.0,1.0,978.0,0.0,11455
1400000US17031320400,0.0,0.0,0.0,1.0,653.0,0.0,8473
1400000US17031320600,0.0,0.0,0.0,0.0,213.0,0.0,1985
1400000US17031330100,0.0,0.0,0.0,5.0,437.0,1.0,6235
1400000US17031330200,1.0,0.0,2.0,3.0,27.0,0.0,1655
1400000US17031340300,0.0,0.0,1.0,0.0,16.0,0.0,343
1400000US17031340400,0.0,0.0,0.0,0.0,43.0,0.0,355
1400000US17031340500,0.0,0.0,0.0,1.0,26.0,0.0,817
1400000US17031340600,0.0,0.0,1.0,1.0,23.0,0.0,1339
1400000US17031350100,0.0,0.0,0.0,0.0,5.0,0.0,504
1400000US17031350400,0.0,0.0,1.0,1.0,4.0,0.0,1539
1400000US17031351000,0.0,0.0,0.0,1.0,32.0,0.0,2173
1400000US17031351100,0.0,0.0,2.0,0.0,9.0,0.0,1475
1400000US17031351400,1.0,0.0,1.0,0.0,21.0,0.0,1419
1400000US17031351500,0.0,0.0,0.0,1.0,5.0,0.0,400
1400000US17031360200,0.0,0.0,0.0,1.0,2.0,0.0,942
1400000US17031380100,0.0,0.0,1.0,2.0,27.0,0.0,1234
1400000US17031380200,0.0,0.0,0.0,0.0,19.0,0.0,633
1400000US17031380500,0.0,1.0,1.0,1.0,0.0,0.0,448
1400000US17031380700,0.0,0.0,0.0,0.0,13.0,0.0,943
1400000US17031381200,0.0,0.0,0.0,0.0,33.0,0.0,1266
1400000US17031381400,0.0,0.0,1.0,0.0,28.0,0.0,1702
1400000US17031381500,0.0,0.0,0.0,0.0,17.0,0.0,310
1400000US17031381800,0.0,0.0,1.0,1.0,25.0,0.0,1634
1400000US17031381900,0.0,0.0,0.0,0.0,4.0,0.0,615
1400000US17031390100,0.0,0.0,0.0,1.0,34.0,0.0,677
1400000US17031390200,0.0,0.0,3.0,2.0,28.0,0.0,812
1400000US17031390300,0.0,0.0,1.0,0.0,18.0,0.0,1519
1400000US17031390400,0.0,0.0,1.0,1.0,9.0,0.0,1863
1400000US17031390500,0.0,0.0,0.0,0.0,1.0,0.0,407
1400000US17031390600,0.0,0.0,1.0,1.0,16.0,0.0,433
1400000US17031390700,0.0,0.0,1.0,0.0,37.0,0.0,1532
1400000US17031400300,0.0,0.0,1.0,1.0,16.0,0.0,2650
1400000US17031400400,0.0,0.0,0.0,1.0,18.0,0.0,1760
1400000US17031400500,0.0,0.0,1.0,0.0,15.0,1.0,2480
1400000US17031400800,0.0,0.0,1.0,0.0,15.0,1.0,2613
1400000US17031410100,0.0,0.0,0.0,1.0,59.0,0.0,918
1400000US17031410200,0.0,0.0,0.0,0.0,1.0,0.0,191
1400000US17031410500,0.0,0.0,1.0,1.0,6.0,0.0,752
1400000US17031410600,0.0,1.0,0.0,2.0,18.0,0.0,576
1400000US17031410700,0.0,0.0,1.0,1.0,46.0,0.0,892
1400000US17031410800,0.0,0.0,0.0,1.0,126.0,0.0,1015
1400000US17031410900,0.0,0.0,0.0,1.0,34.0,0.0,934
1400000US17031411000,0.0,0.0,1.0,0.0,51.0,0.0,1055
1400000US17031411100,0.0,0.0,0.0,0.0,19.0,0.0,600
1400000US17031411200,0.0,0.0,1.0,1.0,25.0,0.0,319
1400000US17031420100,0.0,0.0,1.0,1.0,7.0,0.0,741
1400000US17031420200,0.0,0.0,1.0,2.0,17.0,1.0,904
1400000US17031420300,0.0,0.0,0.0,0.0,12.0,0.0,485
1400000US17031420400,0.0,0.0,0.0,1.0,29.0,0.0,708
1400000US17031420500,0.0,0.0,1.0,0.0,15.0,1.0,1556
1400000US17031420600,0.0,0.0,0.0,0.0,17.0,0.0,2442
1400000US17031420700,0.0,1.0,1.0,0.0,56.0,1.0,4951
1400000US17031420800,0.0,0.0,1.0,2.0,33.0,0.0,1927
1400000US17031421200,1.0,0.0,0.0,0.0,20.0,0.0,1628
1400000US17031430101,0.0,0.0,1.0,0.0,41.0,1.0,2971
1400000US17031430102,0.0,0.0,0.0,1.0,14.0,0.0,1652
1400000US17031430200,0.0,0.0,1.0,0.0,46.0,0.0,4042
1400000US17031430300,0.0,0.0,1.0,1.0,27.0,0.0,2565
1400000US17031430400,0.0,0.0,1.0,0.0,46.0,0.0,2128
1400000US17031430500,0.0,0.0,0.0,1.0,46.0,0.0,3667
1400000US17031430600,0.0,0.0,0.0,0.0,41.0,1.0,1498
1400000US17031430700,0.0,0.0,0.0,0.0,33.0,0.0,984
1400000US17031430800,0.0,0.0,1.0,0.0,18.0,2.0,918
1400000US17031430900,0.0,0.0,1.0,1.0,11.0,0.0,1120
1400000US17031431200,0.0,0.0,0.0,0.0,30.0,1.0,1937
1400000US17031431301,0.0,0.0,1.0,0.0,15.0,1.0,4162
1400000US17031431302,0.0,1.0,0.0,0.0,28.0,0.0,4477
1400000US17031431400,0.0,0.0,4.0,2.0,27.0,0.0,4110
1400000US17031440101,0.0,0.0,0.0,0.0,28.0,0.0,4956
1400000US17031440102,0.0,0.0,1.0,0.0,49.0,0.0,4261
1400000US17031440201,0.0,0.0,0.0,0.0,55.0,0.0,3976
1400000US17031440202,0.0,0.0,2.0,1.0,64.0,0.0,2246
1400000US17031440300,0.0,1.0,1.0,1.0,53.0,0.0,3168
1400000US17031440600,0.0,0.0,1.0,0.0,13.0,0.0,914
1400000US17031440700,0.0,0.0,0.0,0.0,11.0,0.0,833
1400000US17031440800,0.0,1.0,0.0,1.0,14.0,0.0,1439
1400000US17031440900,0.0,0.0,2.0,1.0,14.0,0.0,1761
1400000US17031450300,0.0,1.0,3.0,0.0,78.0,0.0,2233
1400000US17031460100,0.0,0.0,1.0,0.0,26.0,0.0,3011
1400000US17031460200,0.0,0.0,1.0,1.0,15.0,0.0,1377
1400000US17031460301,0.0,0.0,1.0,0.0,13.0,0.0,1921
1400000US17031460302,0.0,0.0,1.0,0.0,21.0,0.0,3230
1400000US17031460400,0.0,0.0,1.0,1.0,21.0,0.0,2880
1400000US17031460500,0.0,0.0,1.0,1.0,58.0,1.0,3970
1400000US17031460600,0.0,0.0,2.0,0.0,5.0,0.0,941
1400000US17031460700,0.0,0.0,0.0,0.0,22.0,0.0,2328
1400000US17031461000,0.0,1.0,0.0,0.0,60.0,0.0,1482
1400000US17031470100,0.0,0.0,1.0,1.0,29.0,0.0,2167
1400000US17031480100,0.0,0.0,0.0,1.0,47.0,0.0,1489
1400000US17031480200,0.0,0.0,0.0,0.0,29.0,0.0,956
1400000US17031480300,0.0,0.0,1.0,0.0,24.0,0.0,1050
1400000US17031480400,0.0,0.0,4.0,0.0,37.0,0.0,2399
1400000US17031480500,0.0,0.0,0.0,1.0,20.0,0.0,1786
1400000US17031490300,0.0,0.0,1.0,0.0,18.0,0.0,1291
1400000US17031490400,0.0,0.0,0.0,0.0,14.0,0.0,542
1400000US17031490500,0.0,0.0,1.0,1.0,12.0,0.0,1435
1400000US17031490600,0.0,0.0,0.0,0.0,25.0,0.0,2215
1400000US17031490700,0.0,0.0,0.0,1.0,13.0,0.0,1942
1400000US17031490800,0.0,0.0,1.0,0.0,48.0,0.0,2894
1400000US17031490901,0.0,0.0,1.0,0.0,15.0,1.0,2788
1400000US17031490902,0.0,0.0,1.0,0.0,37.0,1.0,3754
1400000US17031491000,0.0,1.0,2.0,0.0,27.0,0.0,4986
1400000US17031491100,0.0,0.0,1.0,1.0,33.0,0.0,2241
1400000US17031491200,0.0,0.0,2.0,0.0,20.0,0.0,1561
1400000US17031491300,0.0,1.0,0.0,0.0,10.0,0.0,2279
1400000US17031491400,0.0,0.0,1.0,1.0,64.0,0.0,3812
1400000US17031500100,0.0,0.0,3.0,1.0,41.0,0.0,2015
1400000US17031500200,0.0,0.0,3.0,0.0,49.0,1.0,2494
1400000US17031500300,1.0,0.0,1.0,1.0,25.0,0.0,822
1400000US17031510100,0.0,0.0,1.0,1.0,48.0,0.0,1028
1400000US17031510200,0.0,0.0,0.0,1.0,27.0,0.0,1199
1400000US17031510300,0.0,0.0,1.0,3.0,66.0,1.0,3849
1400000US17031520100,0.0,0.0,1.0,1.0,42.0,0.0,962
1400000US17031520200,0.0,0.0,0.0,1.0,30.0,0.0,1312
1400000US17031520300,0.0,0.0,0.0,2.0,66.0,0.0,1310
1400000US17031520400,0.0,1.0,2.0,0.0,58.0,0.0,1007
1400000US17031520500,0.0,0.0,1.0,0.0,8.0,0.0,638
1400000US17031520600,0.0,0.0,2.0,1.0,5.0,0.0,690
1400000US17031530100,0.0,0.0,2.0,1.0,31.0,0.0,1761
1400000US17031530200,0.0,0.0,0.0,0.0,28.0,0.0,3715
1400000US17031530300,0.0,0.0,2.0,2.0,29.0,0.0,2787
1400000US17031530400,0.0,1.0,2.0,1.0,19.0,0.0,1269
1400000US17031530501,0.0,1.0,0.0,0.0,29.0,1.0,3528
1400000US17031530502,0.0,0.0,1.0,0.0,8.0,0.0,898
1400000US17031530503,0.0,0.0,2.0,1.0,25.0,2.0,3113
1400000US17031530600,0.0,0.0,0.0,0.0,15.0,0.0,2363
1400000US17031540101,0.0,0.0,3.0,1.0,15.0,0.0,3462
1400000US17031540102,0.0,0.0,2.0,1.0,16.0,1.0,3005
1400000US17031550100,0.0,2.0,1.0,1.0,67.0,0.0,2132
1400000US17031550200,0.0,0.0,1.0,1.0,15.0,0.0,716
1400000US17031560100,0.0,0.0,0.0,0.0,26.0,0.0,434
1400000US17031560200,0.0,0.0,1.0,1.0,10.0,0.0,748
1400000US17031560300,0.0,0.0,0.0,1.0,26.0,0.0,688
1400000US17031560400,0.0,0.0,1.0,0.0,26.0,0.0,854
1400000US17031560700,0.0,0.0,1.0,0.0,60.0,0.0,939
1400000US17031560800,0.0,0.0,0.0,0.0,82.0,1.0,1096
1400000US17031560900,0.0,0.0,1.0,2.0,72.0,0.0,749
1400000US17031561000,0.0,0.0,0.0,0.0,87.0,0.0,737
1400000US17031561100,0.0,1.0,2.0,2.0,16.0,0.0,870
1400000US17031570100,0.0,0.0,0.0,1.0,45.0,0.0,308
1400000US17031570200,0.0,1.0,3.0,1.0,103.0,0.0,1124
1400000US17031570300,0.0,0.0,1.0,1.0,83.0,1.0,1426
1400000US17031570400,0.0,0.0,1.0,1.0,48.0,0.0,849
1400000US17031570500,0.0,0.0,0.0,0.0,25.0,0.0,629
1400000US17031580100,0.0,0.0,3.0,0.0,57.0,0.0,867
1400000US17031580200,0.0,0.0,0.0,1.0,45.0,1.0,876
1400000US17031580300,0.0,0.0,1.0,0.0,19.0,1.0,391
1400000US17031580400,0.0,0.0,1.0,0.0,86.0,0.0,1472
1400000US17031580501,0.0,1.0,2.0,0.0,56.0,0.0,1481
1400000US17031580502,0.0,0.0,1.0,0.0,82.0,0.0,1046
1400000US17031580600,0.0,0.0,2.0,1.0,41.0,0.0,1333
1400000US17031580700,0.0,0.0,0.0,0.0,55.0,0.0,1423
1400000US17031580800,0.0,0.0,0.0,0.0,28.0,0.0,666
1400000US17031590500,0.0,0.0,1.0,1.0,30.0,0.0,850
1400000US17031590600,0.0,0.0,1.0,0.0,13.0,0.0,749
1400000US17031590700,0.0,0.0,2.0,0.0,73.0,0.0,846
1400000US17031600400,0.0,0.0,0.0,1.0,51.0,0.0,584
1400000US17031600600,0.0,1.0,1.0,1.0,50.0,0.0,593
1400000US17031600700,0.0,0.0,0.0,1.0,31.0,0.0,627
1400000US17031600900,1.0,0.0,0.0,1.0,37.0,0.0,1031
1400000US17031610300,0.0,0.0,1.0,1.0,834.0,0.0,2522
1400000US17031610400,0.0,0.0,1.0,0.0,49.0,0.0,762
1400000US17031610800,0.0,0.0,0.0,0.0,12.0,0.0,414
1400000US17031611000,0.0,0.0,0.0,1.0,37.0,0.0,629
1400000US17031611100,0.0,0.0,0.0,1.0,11.0,0.0,1019
1400000US17031611200,0.0,0.0,2.0,1.0,43.0,0.0,1675
1400000US17031611300,0.0,0.0,2.0,0.0,55.0,0.0,1638
1400000US17031611400,0.0,0.0,2.0,1.0,31.0,0.0,1060
1400000US17031611500,0.0,0.0,1.0,0.0,33.0,0.0,1299
1400000US17031611600,0.0,0.0,0.0,1.0,11.0,0.0,918
1400000US17031611700,0.0,0.0,1.0,0.0,17.0,0.0,1268
1400000US17031611800,0.0,0.0,1.0,0.0,14.0,0.0,1564
1400000US17031611900,0.0,0.0,1.0,1.0,24.0,0.0,1623
1400000US17031612000,0.0,0.0,1.0,0.0,1.0,0.0,1124
1400000US17031612100,0.0,0.0,0.0,0.0,8.0,0.0,992
1400000US17031620100,0.0,0.0,0.0,0.0,43.0,0.0,1681
1400000US17031620200,0.0,0.0,0.0,1.0,116.0,0.0,593
1400000US17031620300,0.0,0.0,3.0,1.0,51.0,0.0,1416
1400000US17031620400,0.0,0.0,1.0,0.0,22.0,0.0,1122
1400000US17031630100,0.0,1.0,1.0,1.0,18.0,0.0,806
1400000US17031630200,0.0,0.0,1.0,0.0,45.0,0.0,792
1400000US17031630300,0.0,0.0,5.0,0.0,78.0,0.0,1880
1400000US17031630400,0.0,0.0,0.0,0.0,60.0,1.0,1297
1400000US17031630500,0.0,0.0,3.0,0.0,42.0,0.0,1401
1400000US17031630800,0.0,0.0,0.0,0.0,60.0,0.0,1577
1400000US17031630900,0.0,0.0,2.0,1.0,32.0,0.0,1276
1400000US17031640100,0.0,0.0,0.0,0.0,22.0,0.0,516
1400000US17031640300,0.0,0.0,1.0,1.0,56.0,0.0,1239
1400000US17031640400,0.0,0.0,0.0,1.0,100.0,0.0,504
1400000US17031640500,0.0,0.0,2.0,0.0,18.0,0.0,525
1400000US17031640600,0.0,0.0,0.0,0.0,72.0,0.0,827
1400000US17031640700,0.0,1.0,1.0,1.0,46.0,0.0,687
1400000US17031640800,0.0,0.0,0.0,0.0,13.0,0.0,426
1400000US17031650100,0.0,1.0,1.0,0.0,39.0,0.0,1091
1400000US17031650200,0.0,0.0,1.0,0.0,84.0,0.0,1651
1400000US17031650301,0.0,0.0,1.0,2.0,86.0,0.0,1289
1400000US17031650302,0.0,0.0,0.0,0.0,35.0,0.0,1189
1400000US17031650400,0.0,0.0,1.0,0.0,31.0,0.0,1259
1400000US17031650500,0.0,0.0,1.0,1.0,122.0,0.0,2699
1400000US17031660301,0.0,0.0,0.0,0.0,37.0,0.0,1031
1400000US17031660302,0.0,0.0,0.0,0.0,58.0,0.0,1736
1400000US17031660400,1.0,0.0,0.0,0.0,56.0,0.0,1397
1400000US17031660500,0.0,0.0,1.0,0.0,35.0,0.0,1881
1400000US17031660600,0.0,0.0,0.0,0.0,58.0,0.0,4096
1400000US17031660700,0.0,1.0,1.0,1.0,32.0,0.0,1999
1400000US17031660800,0.0,0.0,1.0,1.0,33.0,0.0,2826
1400000US17031660900,0.0,0.0,4.0,1.0,37.0,0.0,3946
1400000US17031661000,0.0,0.0,0.0,0.0,62.0,0.0,3724
1400000US17031661100,0.0,0.0,0.0,0.0,29.0,0.0,1886
1400000US17031670100,0.0,0.0,0.0,0.0,8.0,0.0,1285
1400000US17031670200,0.0,0.0,0.0,0.0,17.0,0.0,1603
1400000US17031670300,0.0,0.0,0.0,1.0,13.0,0.0,1443
1400000US17031670400,0.0,0.0,1.0,0.0,11.0,0.0,1403
1400000US17031670500,0.0,0.0,1.0,1.0,16.0,0.0,1172
1400000US17031670600,0.0,0.0,1.0,0.0,5.0,0.0,1172
1400000US17031670700,0.0,0.0,0.0,0.0,27.0,0.0,1770
1400000US17031670800,1.0,1.0,0.0,0.0,27.0,0.0,2290
1400000US17031670900,0.0,0.0,1.0,0.0,9.0,0.0,1282
1400000US17031671100,0.0,0.0,1.0,0.0,11.0,0.0,1364
1400000US17031671200,0.0,0.0,0.0,0.0,10.0,1.0,1676
1400000US17031671300,0.0,0.0,1.0,1.0,13.0,0.0,2397
1400000US17031671400,0.0,0.0,1.0,0.0,14.0,0.0,1425
1400000US17031671500,0.0,0.0,2.0,1.0,35.0,1.0,3216
1400000US17031671600,0.0,0.0,0.0,0.0,20.0,0.0,2941
1400000US17031671800,0.0,0.0,0.0,0.0,11.0,1.0,933
1400000US17031671900,0.0,0.0,0.0,0.0,9.0,0.0,1446
1400000US17031672000,0.0,0.0,2.0,1.0,24.0,1.0,3036
1400000US17031680500,0.0,0.0,0.0,1.0,10.0,0.0,2279
1400000US17031680600,0.0,0.0,0.0,1.0,13.0,0.0,1590
1400000US17031680900,0.0,0.0,3.0,1.0,31.0,0.0,4636
1400000US17031681000,0.0,0.0,1.0,0.0,25.0,1.0,3496
1400000US17031681100,0.0,0.0,1.0,0.0,14.0,0.0,3343
1400000US17031681200,0.0,0.0,3.0,1.0,25.0,0.0,2864
1400000US17031681300,0.0,1.0,0.0,3.0,12.0,0.0,2701
1400000US17031681400,0.0,0.0,2.0,0.0,18.0,0.0,3270
1400000US17031690300,0.0,0.0,0.0,0.0,20.0,1.0,2350
1400000US17031690400,0.0,0.0,1.0,0.0,40.0,0.0,3395
1400000US17031690500,0.0,0.0,1.0,0.0,14.0,0.0,1050
1400000US17031690900,0.0,0.0,1.0,0.0,51.0,0.0,2896
1400000US17031691000,0.0,0.0,1.0,1.0,59.0,0.0,2485
1400000US17031691100,0.0,0.0,0.0,1.0,26.0,0.0,3498
1400000US17031691200,0.0,0.0,1.0,2.0,25.0,0.0,3740
1400000US17031691300,0.0,0.0,1.0,0.0,64.0,0.0,2093
1400000US17031691400,0.0,0.0,0.0,0.0,69.0,1.0,2703
1400000US17031691500,0.0,0.0,1.0,2.0,34.0,0.0,2814
1400000US17031700100,0.0,0.0,2.0,1.0,82.0,0.0,1977
1400000US17031700200,0.0,1.0,0.0,1.0,41.0,0.0,1461
1400000US17031700301,0.0,0.0,1.0,0.0,40.0,0.0,1147
1400000US17031700302,0.0,0.0,1.0,2.0,42.0,0.0,1167
1400000US17031700401,0.0,1.0,4.0,1.0,87.0,0.0,1982
1400000US17031700402,0.0,0.0,1.0,1.0,62.0,0.0,896
1400000US17031700501,0.0,0.0,1.0,0.0,79.0,0.0,2426
1400000US17031700502,0.0,0.0,1.0,1.0,8.0,0.0,799
1400000US17031710100,0.0,0.0,1.0,0.0,15.0,0.0,1577
1400000US17031710200,0.0,0.0,1.0,1.0,22.0,0.0,4656
1400000US17031710300,0.0,0.0,0.0,0.0,15.0,0.0,1222
1400000US17031710400,0.0,0.0,1.0,0.0,42.0,0.0,3957
1400000US17031710500,0.0,1.0,2.0,1.0,58.0,0.0,3643
1400000US17031710600,0.0,0.0,1.0,0.0,13.0,0.0,1772
1400000US17031710700,0.0,0.0,0.0,0.0,31.0,0.0,2345
1400000US17031710800,1.0,0.0,0.0,0.0,44.0,0.0,4361
1400000US17031710900,0.0,1.0,0.0,1.0,35.0,0.0,3278
1400000US17031711000,0.0,0.0,1.0,1.0,24.0,1.0,2918
1400000US17031711100,0.0,0.0,1.0,1.0,32.0,0.0,2026
1400000US17031711200,0.0,0.0,2.0,1.0,35.0,0.0,2460
1400000US17031711300,0.0,0.0,0.0,1.0,24.0,0.0,1018
1400000US17031711400,0.0,0.0,2.0,0.0,59.0,1.0,2237
1400000US17031711500,0.0,0.0,1.0,0.0,6.0,0.0,1359
1400000US17031720100,0.0,1.0,1.0,1.0,55.0,0.0,631
1400000US17031720200,0.0,0.0,1.0,4.0,60.0,0.0,1326
1400000US17031720300,0.0,0.0,1.0,0.0,61.0,0.0,914
1400000US17031720400,0.0,0.0,0.0,1.0,25.0,0.0,306
1400000US17031720500,0.0,0.0,0.0,1.0,47.0,0.0,321
1400000US17031720600,0.0,0.0,0.0,0.0,24.0,0.0,304
1400000US17031720700,0.0,0.0,1.0,1.0,34.0,0.0,899
1400000US17031730100,0.0,0.0,1.0,2.0,12.0,0.0,1166
1400000US17031730201,0.0,0.0,1.0,1.0,55.0,0.0,3667
1400000US17031730202,0.0,0.0,0.0,0.0,18.0,0.0,1497
1400000US17031730300,0.0,0.0,0.0,0.0,34.0,0.0,592
1400000US17031730400,0.0,0.0,4.0,1.0,26.0,0.0,2446
1400000US17031730500,0.0,0.0,2.0,1.0,27.0,0.0,3090
1400000US17031730600,0.0,0.0,0.0,0.0,32.0,0.0,1564
1400000US17031730700,0.0,0.0,3.0,1.0,34.0,0.0,1749
1400000US17031740100,0.0,1.0,1.0,0.0,59.0,1.0,668
1400000US17031740200,0.0,0.0,0.0,0.0,42.0,0.0,643
1400000US17031740300,0.0,0.0,1.0,1.0,46.0,1.0,610
1400000US17031740400,0.0,0.0,2.0,1.0,37.0,0.0,657
1400000US17031750100,0.0,0.0,2.0,1.0,26.0,0.0,1942
1400000US17031750200,0.0,1.0,1.0,2.0,28.0,0.0,695
1400000US17031750300,0.0,0.0,0.0,0.0,41.0,0.0,456
1400000US17031750400,0.0,0.0,1.0,1.0,36.0,0.0,716
1400000US17031750500,1.0,0.0,2.0,1.0,73.0,0.0,3649
1400000US17031750600,0.0,0.0,2.0,1.0,37.0,0.0,2521
1400000US17031760801,0.0,0.0,0.0,1.0,123.0,0.0,548
1400000US17031760802,0.0,0.0,0.0,0.0,36.0,0.0,184
1400000US17031760803,0.0,0.0,1.0,0.0,16.0,0.0,855
1400000US17031770602,0.0,0.0,0.0,0.0,264.0,0.0,19
1400000US17031770902,0.0,0.0,0.0,0.0,0.0,0.0,114
1400000US17031810400,0.0,0.0,0.0,0.0,24.0,0.0,259
1400000US17031821402,0.0,0.0,0.0,0.0,0.0,0.0,15
1400000US17031823304,0.0,0.0,0.0,0.0,0.0,0.0,39
1400000US17031830500,0.0,0.0,4.0,1.0,74.0,0.0,1321
1400000US17031830600,1.0,0.0,1.0,2.0,119.0,0.0,1522
1400000US17031830700,0.0,0.0,1.0,3.0,118.0,0.0,3850
1400000US17031830800,0.0,0.0,1.0,0.0,106.0,0.0,785
1400000US17031830900,0.0,0.0,0.0,1.0,139.0,0.0,2559
1400000US17031831000,0.0,1.0,1.0,1.0,42.0,0.0,923
1400000US17031831100,0.0,0.0,2.0,2.0,165.0,0.0,2991
1400000US17031831200,0.0,0.0,2.0,0.0,79.0,0.0,1527
1400000US17031831300,0.0,0.0,0.0,0.0,56.0,0.0,2389
1400000US17031831400,0.0,0.0,3.0,0.0,184.0,0.0,3248
1400000US17031831500,0.0,1.0,1.0,0.0,82.0,0.0,2187
1400000US17031831600,0.0,0.0,0.0,1.0,103.0,0.0,1777
1400000US17031831700,0.0,0.0,0.0,0.0,42.0,0.0,1260
1400000US17031831800,0.0,0.0,3.0,1.0,103.0,0.0,1611
1400000US17031831900,0.0,0.0,1.0,1.0,74.0,0.0,658
1400000US17031832000,0.0,0.0,0.0,0.0,93.0,0.0,1917
1400000US17031832100,0.0,0.0,1.0,1.0,65.0,0.0,1037
1400000US17031832200,0.0,0.0,1.0,0.0,88.0,0.0,710
1400000US17031832300,0.0,0.0,0.0,0.0,121.0,0.0,1528
1400000US17031832400,0.0,0.0,0.0,1.0,59.0,0.0,899
1400000US17031832500,0.0,0.0,0.0,1.0,170.0,0.0,2032
1400000US17031832600,0.0,0.0,0.0,4.0,193.0,0.0,1665
1400000US17031832900,0.0,0.0,1.0,1.0,10.0,0.0,514
1400000US17031833000,0.0,0.0,0.0,1.0,713.0,0.0,5636
1400000US17031833100,0.0,1.0,3.0,2.0,271.0,0.0,3566
1400000US17031833300,0.0,0.0,1.0,2.0,49.0,0.0,831
1400000US17031833900,0.0,0.0,3.0,1.0,37.0,0.0,2087
1400000US17031834000,0.0,0.0,1.0,0.0,16.0,0.0,2171
1400000US17031834200,0.0,0.0,1.0,2.0,51.0,1.0,5143
1400000US17031834300,0.0,0.0,2.0,2.0,90.0,0.0,3698
1400000US17031834400,0.0,0.0,2.0,3.0,19.0,0.0,2148
1400000US17031834500,0.0,1.0,0.0,0.0,15.0,0.0,1298
1400000US17031834600,0.0,0.0,2.0,1.0,23.0,0.0,3220
1400000US17031834700,0.0,0.0,3.0,2.0,23.0,0.0,2437
1400000US17031834800,0.0,0.0,1.0,1.0,20.0,0.0,2354
1400000US17031834900,0.0,0.0,1.0,1.0,9.0,0.0,2693
1400000US17031835000,0.0,0.0,3.0,0.0,63.0,0.0,4164
1400000US17031835100,0.0,0.0,2.0,1.0,81.0,0.0,2205
1400000US17031835200,0.0,0.0,0.0,0.0,62.0,0.0,900
1400000US17031835500,0.0,0.0,1.0,1.0,52.0,0.0,1666
1400000US17031835600,1.0,0.0,0.0,1.0,43.0,0.0,2065
1400000US17031835700,0.0,0.0,0.0,0.0,4.0,0.0,279
1400000US17031835800,0.0,0.0,0.0,2.0,16.0,0.0,1111
1400000US17031835900,0.0,0.0,0.0,2.0,23.0,0.0,2329
1400000US17031836000,0.0,0.0,2.0,2.0,17.0,0.0,1419
1400000US17031836100,0.0,0.0,2.0,0.0,19.0,0.0,2336
1400000US17031836200,0.0,0.0,0.0,1.0,61.0,0.0,630
1400000US17031836300,0.0,0.0,0.0,1.0,10.0,0.0,532
1400000US17031836400,0.0,0.0,1.0,2.0,26.0,0.0,1445
1400000US17031836500,0.0,0.0,1.0,0.0,3.0,0.0,793
1400000US17031836600,0.0,0.0,1.0,0.0,63.0,0.0,2984
1400000US17031836700,0.0,1.0,4.0,2.0,57.0,0.0,2903
1400000US17031836800,0.0,0.0,1.0,2.0,29.0,1.0,3247
1400000US17031836900,0.0,0.0,0.0,0.0,9.0,1.0,1516
1400000US17031837000,0.0,0.0,1.0,0.0,22.0,0.0,2289
1400000US17031837100,0.0,0.0,5.0,1.0,93.0,0.0,1820
1400000US17031837300,1.0,0.0,1.0,1.0,19.0,0.0,3368
1400000US17031837400,0.0,0.0,0.0,2.0,29.0,0.0,2378
1400000US17031837800,0.0,1.0,1.0,1.0,185.0,0.0,3974
1400000US17031838000,0.0,0.0,3.0,1.0,19.0,0.0,1954
1400000US17031838100,0.0,0.0,2.0,0.0,64.0,1.0,1898
1400000US17031838200,0.0,0.0,2.0,1.0,67.0,0.0,2170
1400000US17031838300,0.0,0.0,1.0,1.0,31.0,0.0,1425
1400000US17031838600,0.0,0.0,0.0,0.0,15.0,0.0,1929
1400000US17031838700,0.0,0.0,3.0,3.0,55.0,2.0,6555
1400000US17031838800,1.0,2.0,1.0,1.0,58.0,0.0,3097
1400000US17031839000,0.0,0.0,1.0,2.0,183.0,0.0,3826
1400000US17031839100,0.0,1.0,0.0,0.0,2065.0,0.0,21418
1400000US17031839200,0.0,0.0,2.0,1.0,27.0,0.0,1779
1400000US17031839500,0.0,1.0,1.0,0.0,44.0,0.0,941
1400000US17031839600,0.0,0.0,3.0,1.0,25.0,0.0,2026
1400000US17031839700,0.0,0.0,1.0,1.0,112.0,0.0,1114
1400000US17031839800,0.0,0.0,0.0,0.0,39.0,1.0,795
1400000US17031839900,0.0,1.0,1.0,2.0,138.0,0.0,1047
1400000US17031840000,0.0,0.0,0.0,0.0,42.0,0.0,456
1400000US17031840100,0.0,0.0,2.0,1.0,28.0,0.0,487
1400000US17031840200,0.0,0.0,0.0,2.0,64.0,0.0,862
1400000US17031840300,0.0,0.0,1.0,1.0,60.0,0.0,1120
1400000US17031840400,0.0,1.0,0.0,2.0,128.0,0.0,1334
1400000US17031840700,0.0,0.0,4.0,0.0,101.0,0.0,1635
1400000US17031840800,0.0,0.0,2.0,0.0,45.0,0.0,1061
1400000US17031841000,0.0,0.0,2.0,1.0,111.0,0.0,2069
1400000US17031841100,0.0,1.0,1.0,1.0,300.0,0.0,2370
1400000US17031841200,0.0,0.0,1.0,0.0,102.0,0.0,1538
1400000US17031841300,0.0,0.0,4.0,2.0,159.0,0.0,1888
1400000US17031841400,0.0,0.0,1.0,1.0,14.0,0.0,1875
1400000US17031841500,0.0,0.0,2.0,1.0,12.0,0.0,4112
1400000US17031841600,1.0,0.0,0.0,0.0,0.0,0.0,963
1400000US17031841700,0.0,0.0,0.0,1.0,36.0,0.0,1072
1400000US17031841800,0.0,0.0,2.0,2.0,23.0,0.0,2035
1400000US17031841900,0.0,0.0,0.0,0.0,212.0,0.0,7002
1400000US17031842000,0.0,0.0,1.0,0.0,37.0,0.0,1052
1400000US17031842100,0.0,0.0,3.0,2.0,144.0,0.0,4175
1400000US17031842200,1.0,0.0,3.0,1.0,253.0,0.0,5352
1400000US17031842300,0.0,0.0,0.0,1.0,213.0,0.0,3510
1400000US17031842400,0.0,0.0,5.0,1.0,138.0,0.0,6943
1400000US17031842500,0.0,0.0,2.0,1.0,20.0,0.0,2584
1400000US17031842600,0.0,1.0,1.0,2.0,241.0,0.0,2505
1400000US17031842800,0.0,0.0,4.0,0.0,147.0,0.0,2316
1400000US17031842900,1.0,0.0,4.0,2.0,123.0,0.0,3105
1400000US17031843000,0.0,0.0,3.0,1.0,64.0,2.0,6472
1400000US17031843100,0.0,0.0,3.0,1.0,8.0,0.0,3309
1400000US17031843200,0.0,0.0,1.0,0.0,419.0,0.0,1454
1400000US17031843300,0.0,1.0,2.0,0.0,30.0,0.0,1630
1400000US17031843400,0.0,0.0,0.0,0.0,75.0,1.0,1947
1400000US17031843500,0.0,0.0,1.0,0.0,121.0,0.0,1636
1400000US17031843600,0.0,1.0,0.0,1.0,42.0,0.0,1825
1400000US17031843700,0.0,1.0,1.0,2.0,117.0,1.0,1178
1400000US17031843800,0.0,1.0,2.0,1.0,31.0,0.0,1651
1400000US17031843900,0.0,1.0,0.0,1.0,30.0,0.0,2582
